dataset_name,tier,wql_geometric_mean,mase_geometric_mean,num_processed_series,processing_time_seconds,target_column,workers_used,processed_series_ids,too_short_count,invalid_count,streaming_mode
dominick,medium,0.41864857111029585,1.303068534804779,47,154.04785299301147,target,12,"['T078726', 'T025955', 'T031743', 'T014902', 'T072957', 'T005716', 'T008936', 'T052435', 'T053018', 'T079966', 'T074437', 'T033480', 'T067802', 'T090376', 'T000690', 'T089364', 'T052864', 'T088382', 'T029723', 'T011943', 'T049590', 'T079559', 'T058746', 'T023598', 'T016458', 'T039960', 'T061545', 'T084759', 'T086972', 'T099139', 'T078192', 'T080288', 'T083170', 'T007875', 'T005904', 'T009508', 'T049878', 'T071389', 'T000149', 'T064865', 'T000856', 'T062605', 'T009842', 'T044987', 'T085659', 'T030822', 'T080510']",0,53,True
electricity_15min,medium_large,0.06293461810209545,0.6566423711670585,99,72.71888375282288,consumption_kW,16,"['MT_328', 'MT_034', 'MT_016', 'MT_315', 'MT_058', 'MT_240', 'MT_077', 'MT_120', 'MT_306', 'MT_127', 'MT_234', 'MT_040', 'MT_154', 'MT_056', 'MT_156', 'MT_279', 'MT_001', 'MT_232', 'MT_335', 'MT_102', 'MT_010', 'MT_181', 'MT_073', 'MT_238', 'MT_256', 'MT_138', 'MT_226', 'MT_195', 'MT_194', 'MT_367', 'MT_026', 'MT_109', 'MT_043', 'MT_358', 'MT_289', 'MT_115', 'MT_064', 'MT_023', 'MT_153', 'MT_177', 'MT_250', 'MT_298', 'MT_031', 'MT_220', 'MT_110', 'MT_125', 'MT_091', 'MT_057', 'MT_006', 'MT_046', 'MT_352', 'MT_146', 'MT_287', 'MT_219', 'MT_251', 'MT_343', 'MT_094', 'MT_004', 'MT_350', 'MT_078', 'MT_133', 'MT_311', 'MT_079', 'MT_047', 'MT_221', 'MT_074', 'MT_230', 'MT_327', 'MT_209', 'MT_083', 'MT_095', 'MT_196', 'MT_312', 'MT_293', 'MT_346', 'MT_193', 'MT_076', 'MT_085', 'MT_359', 'MT_017', 'MT_067', 'MT_284', 'MT_008', 'MT_114', 'MT_117', 'MT_329', 'MT_324', 'MT_275', 'MT_164', 'MT_111', 'MT_369', 'MT_061', 'MT_158', 'MT_322', 'MT_228', 'MT_142', 'MT_018', 'MT_247', 'MT_025']",0,1,False
ercot,medium,,,0,30.125308752059937,target,12,[],0,8,True
exchange_rate,very_small,0.005531259414182168,1.464314304592056,8,10.288379907608032,target,4,"['currency_2', 'currency_6', 'currency_1', 'currency_8', 'currency_3', 'currency_5', 'currency_4', 'currency_7']",0,0,False
m4_daily,small,0.018882616310735584,2.2572283907810116,510,228.75580382347107,target,8,"['T001611', 'T001604', 'T001608', 'T001603', 'T001610', 'T001605', 'T001612', 'T001607', 'T001606', 'T001609', 'T003559', 'T003518', 'T002389', 'T002703', 'T003457', 'T002279', 'T002094', 'T002632', 'T002272', 'T002535', 'T002065', 'T002387', 'T002894', 'T003563', 'T003588', 'T002338', 'T002516', 'T003083', 'T003545', 'T002553', 'T003419', 'T002210', 'T002255', 'T003280', 'T003138', 'T002416', 'T003200', 'T002310', 'T003297', 'T003244', 'T003397', 'T002159', 'T002333', 'T002625', 'T002823', 'T003435', 'T003019', 'T002759', 'T002842', 'T002596', 'T002100', 'T002176', 'T002815', 'T002429', 'T002309', 'T003133', 'T002663', 'T002739', 'T002388', 'T002197', 'T003334', 'T002219', 'T002923', 'T003390', 'T002238', 'T002549', 'T002816', 'T002649', 'T003298', 'T003226', 'T002296', 'T002589', 'T002058', 'T003412', 'T003029', 'T002084', 'T002341', 'T002134', 'T003125', 'T003584', 'T003491', 'T002463', 'T002727', 'T003548', 'T002528', 'T002671', 'T002203', 'T003337', 'T002570', 'T002409', 'T003036', 'T002601', 'T003192', 'T003508', 'T002714', 'T002274', 'T002086', 'T002105', 'T003308', 'T002111', 'T003304', 'T003186', 'T003323', 'T002208', 'T002446', 'T002807', 'T002170', 'T003212', 'T003589', 'T002377', 'T001758', 'T001948', 'T001788', 'T001984', 'T002031', 'T001686', 'T001745', 'T001750', 'T001643', 'T001685', 'T001683', 'T001707', 'T001983', 'T001703', 'T001940', 'T002027', 'T001622', 'T001860', 'T001809', 'T001844', 'T001805', 'T001852', 'T001962', 'T001841', 'T001668', 'T001968', 'T001669', 'T001910', 'T001884', 'T001692', 'T002024', 'T001729', 'T001821', 'T001807', 'T001977', 'T001797', 'T001831', 'T001652', 'T001781', 'T001875', 'T001688', 'T001689', 'T002030', 'T001646', 'T001726', 'T001990', 'T001761', 'T001907', 'T001982', 'T001628', 'T001691', 'T001930', 'T001613', 'T001632', 'T001979', 'T001891', 'T001893', 'T001890', 'T001690', 'T001695', 'T001971', 'T001717', 'T001638', 'T001994', 'T001785', 'T001981', 'T001879', 'T001655', 'T001786', 'T002022', 'T001737', 'T001954', 'T001909', 'T001885', 'T001635', 'T001659', 'T001897', 'T001706', 'T002021', 'T002023', 'T001670', 'T002026', 'T001637', 'T001630', 'T001679', 'T001744', 'T001644', 'T001697', 'T001902', 'T001986', 'T001947', 'T001766', 'T001859', 'T001817', 'T001823', 'T001618', 'T001658', 'T001894', 'T002017', 'T001995', 'T000026', 'T000111', 'T000081', 'T000055', 'T000044', 'T000096', 'T000080', 'T000125', 'T000114', 'T000062', 'T000045', 'T000004', 'T000018', 'T000095', 'T000036', 'T000094', 'T000019', 'T000120', 'T000010', 'T000040', 'T000011', 'T000098', 'T000104', 'T000077', 'T000000', 'T000078', 'T000068', 'T000069', 'T000012', 'T000042', 'T000031', 'T000027', 'T000024', 'T000093', 'T000110', 'T000091', 'T000015', 'T000076', 'T000022', 'T000047', 'T000064', 'T000105', 'T000030', 'T000083', 'T000066', 'T000009', 'T000033', 'T000065', 'T000025', 'T000073', 'T000028', 'T000056', 'T000124', 'T000053', 'T000005', 'T000067', 'T000097', 'T000039', 'T000049', 'T000035', 'T000016', 'T000070', 'T000034', 'T000084', 'T000007', 'T000043', 'T000121', 'T000118', 'T000107', 'T000008', 'T000013', 'T000089', 'T000003', 'T000017', 'T000038', 'T000072', 'T000112', 'T000006', 'T000117', 'T000109', 'T000101', 'T000054', 'T000050', 'T000085', 'T000046', 'T000116', 'T000061', 'T000123', 'T000079', 'T000100', 'T000041', 'T000058', 'T000090', 'T000048', 'T000088', 'T000108', 'T000057', 'T000075', 'T000032', 'T000119', 'T001252', 'T000311', 'T001353', 'T000194', 'T000347', 'T001030', 'T000557', 'T000367', 'T000345', 'T000176', 'T000943', 'T000971', 'T000746', 'T000488', 'T001556', 'T001000', 'T001566', 'T000881', 'T000398', 'T000649', 'T000386', 'T000555', 'T001294', 'T000404', 'T001095', 'T000697', 'T000799', 'T000748', 'T001176', 'T000374', 'T001355', 'T000947', 'T000884', 'T000591', 'T000770', 'T000833', 'T000818', 'T001113', 'T000178', 'T000897', 'T000295', 'T001225', 'T000966', 'T000894', 'T000490', 'T000388', 'T001075', 'T001045', 'T000656', 'T001021', 'T000556', 'T000436', 'T000250', 'T001093', 'T000951', 'T001417', 'T000330', 'T000654', 'T000864', 'T000665', 'T001474', 'T001239', 'T001026', 'T000716', 'T001563', 'T000319', 'T000466', 'T000854', 'T000416', 'T001063', 'T001488', 'T000156', 'T000613', 'T000203', 'T001032', 'T000192', 'T001277', 'T000711', 'T001540', 'T001452', 'T001243', 'T000659', 'T001194', 'T000605', 'T000919', 'T001323', 'T001170', 'T000620', 'T000755', 'T000171', 'T000186', 'T000150', 'T001536', 'T000508', 'T000242', 'T000469', 'T001341', 'T000525', 'T001306', 'T000560', 'T003923', 'T003841', 'T003984', 'T003739', 'T004091', 'T004107', 'T003759', 'T003671', 'T004128', 'T003757', 'T003865', 'T003625', 'T003649', 'T003684', 'T004170', 'T003670', 'T003596', 'T003850', 'T003905', 'T003928', 'T003725', 'T003885', 'T003643', 'T004223', 'T004119', 'T003704', 'T003968', 'T003872', 'T004222', 'T003855', 'T004058', 'T004042', 'T003838', 'T004164', 'T003726', 'T003929', 'T003912', 'T004214', 'T003749', 'T003916', 'T003955', 'T003633', 'T003680', 'T004045', 'T003921', 'T003806', 'T003858', 'T003798', 'T003672', 'T003948', 'T003804', 'T003883', 'T003604', 'T003770', 'T004194', 'T004191', 'T003729', 'T004105', 'T003974', 'T003624', 'T004181', 'T004093', 'T003790', 'T003635', 'T003842', 'T003878', 'T003650', 'T003997', 'T004136', 'T004110', 'T004144', 'T003618', 'T003676', 'T003886', 'T003752', 'T004116', 'T004146', 'T003664', 'T003961', 'T003853', 'T003768', 'T003654', 'T004003', 'T004010', 'T003807', 'T004196', 'T004185', 'T003775', 'T003771', 'T003778', 'T003875', 'T003938', 'T003623', 'T003914', 'T003695', 'T003881', 'T003944', 'T003854', 'T003895', 'T003871']",0,0,False
m4_hourly,medium,0.023855808203876807,0.33890560889643917,100,57.019317388534546,target,12,"['T000358', 'T000350', 'T000373', 'T000399', 'T000369', 'T000072', 'T000262', 'T000140', 'T000093', 'T000070', 'T000118', 'T000131', 'T000336', 'T000055', 'T000126', 'T000376', 'T000056', 'T000291', 'T000365', 'T000084', 'T000116', 'T000009', 'T000374', 'T000137', 'T000320', 'T000402', 'T000231', 'T000090', 'T000094', 'T000173', 'T000030', 'T000141', 'T000104', 'T000079', 'T000033', 'T000290', 'T000286', 'T000409', 'T000222', 'T000361', 'T000015', 'T000311', 'T000000', 'T000317', 'T000272', 'T000124', 'T000271', 'T000184', 'T000275', 'T000360', 'T000225', 'T000355', 'T000364', 'T000274', 'T000175', 'T000073', 'T000042', 'T000165', 'T000077', 'T000039', 'T000401', 'T000025', 'T000155', 'T000180', 'T000347', 'T000266', 'T000022', 'T000046', 'T000078', 'T000152', 'T000082', 'T000076', 'T000057', 'T000110', 'T000024', 'T000017', 'T000238', 'T000405', 'T000031', 'T000283', 'T000157', 'T000203', 'T000208', 'T000192', 'T000234', 'T000005', 'T000045', 'T000245', 'T000346', 'T000195', 'T000382', 'T000400', 'T000296', 'T000003', 'T000018', 'T000250', 'T000060', 'T000390', 'T000408', 'T000063']",0,0,False
m4_monthly,small,0.05434568863884326,1.4901698238800567,600,255.3859486579895,target,8,"['T025436', 'T025109', 'T024884', 'T025201', 'T026594', 'T021552', 'T024752', 'T025206', 'T026587', 'T021168', 'T022100', 'T024369', 'T021392', 'T024004', 'T025185', 'T022024', 'T023155', 'T026417', 'T025802', 'T021444', 'T021071', 'T022956', 'T025324', 'T023977', 'T024226', 'T024308', 'T022388', 'T024176', 'T024375', 'T021687', 'T026253', 'T023745', 'T024319', 'T021960', 'T021839', 'T026651', 'T021092', 'T025611', 'T025300', 'T021602', 'T021742', 'T026315', 'T021324', 'T021310', 'T023620', 'T022172', 'T022120', 'T022402', 'T026086', 'T021703', 'T022634', 'T026387', 'T021456', 'T026657', 'T022577', 'T022474', 'T022723', 'T025394', 'T024695', 'T025531', 'T024496', 'T022078', 'T021923', 'T022341', 'T024926', 'T022164', 'T026715', 'T024343', 'T024609', 'T023594', 'T023610', 'T021148', 'T021315', 'T024529', 'T022586', 'T023324', 'T022709', 'T022530', 'T025431', 'T022609', 'T025054', 'T023647', 'T024995', 'T025461', 'T021337', 'T022712', 'T026148', 'T025083', 'T025889', 'T023798', 'T021158', 'T022504', 'T025876', 'T026615', 'T023575', 'T022557', 'T022732', 'T025622', 'T023154', 'T023785', 'T036843', 'T046511', 'T040160', 'T044681', 'T042790', 'T045662', 'T044752', 'T047078', 'T038454', 'T041183', 'T046118', 'T040768', 'T039143', 'T041239', 'T042068', 'T040043', 'T043216', 'T037134', 'T047692', 'T043292', 'T039818', 'T037696', 'T041508', 'T038353', 'T047602', 'T044167', 'T037430', 'T037476', 'T045200', 'T041742', 'T040930', 'T046841', 'T039270', 'T047028', 'T045803', 'T040897', 'T041812', 'T039527', 'T043526', 'T038427', 'T046311', 'T037483', 'T046731', 'T046790', 'T039223', 'T044343', 'T043169', 'T037857', 'T039124', 'T045954', 'T037269', 'T047381', 'T046026', 'T044544', 'T042197', 'T045960', 'T037949', 'T041719', 'T045173', 'T040388', 'T036987', 'T046294', 'T047120', 'T047234', 'T036769', 'T047400', 'T042592', 'T038446', 'T043087', 'T038754', 'T042467', 'T041789', 'T041998', 'T044834', 'T046044', 'T039345', 'T042384', 'T038428', 'T042599', 'T046691', 'T045639', 'T045999', 'T042918', 'T041635', 'T038640', 'T039324', 'T045929', 'T037135', 'T040001', 'T042014', 'T041690', 'T041769', 'T045868', 'T041316', 'T043077', 'T042189', 'T047637', 'T043613', 'T039543', 'T042133', 'T028336', 'T031671', 'T028887', 'T027809', 'T034476', 'T034793', 'T028955', 'T034983', 'T035074', 'T035676', 'T027251', 'T027484', 'T028074', 'T032557', 'T026799', 'T029891', 'T029420', 'T035105', 'T027966', 'T032399', 'T033794', 'T030821', 'T028656', 'T032278', 'T033015', 'T027219', 'T035732', 'T036593', 'T034948', 'T031071', 'T036144', 'T031299', 'T036605', 'T035632', 'T031415', 'T034705', 'T027169', 'T035274', 'T031169', 'T028411', 'T032140', 'T032796', 'T028288', 'T035784', 'T035967', 'T035844', 'T030399', 'T033979', 'T030765', 'T029950', 'T029496', 'T027423', 'T027902', 'T029751', 'T029726', 'T032538', 'T030716', 'T034991', 'T030028', 'T028450', 'T026754', 'T027295', 'T028232', 'T031085', 'T026758', 'T031837', 'T035295', 'T034103', 'T035619', 'T030403', 'T035974', 'T035826', 'T033110', 'T032736', 'T027206', 'T028160', 'T036421', 'T036279', 'T035020', 'T031281', 'T034571', 'T032777', 'T030668', 'T034587', 'T035347', 'T034519', 'T030757', 'T035138', 'T034832', 'T035203', 'T033644', 'T035753', 'T034922', 'T036504', 'T028379', 'T033011', 'T028460', 'T031728', 'T027518', 'T029779', 'T001617', 'T009936', 'T002168', 'T001090', 'T007756', 'T008630', 'T006568', 'T006608', 'T002310', 'T005957', 'T000532', 'T000765', 'T001355', 'T005837', 'T000080', 'T005884', 'T005558', 'T005756', 'T001247', 'T006187', 'T007074', 'T004759', 'T001937', 'T005537', 'T004401', 'T000500', 'T009130', 'T002291', 'T008685', 'T007909', 'T003542', 'T005354', 'T006931', 'T007902', 'T003680', 'T009350', 'T000450', 'T005496', 'T004130', 'T001692', 'T003194', 'T002458', 'T001569', 'T009131', 'T007692', 'T009446', 'T008076', 'T007837', 'T004354', 'T009755', 'T006188', 'T000704', 'T001183', 'T003290', 'T003006', 'T004509', 'T006425', 'T005411', 'T004823', 'T001731', 'T000035', 'T000576', 'T001513', 'T003320', 'T000039', 'T002760', 'T008492', 'T009788', 'T005931', 'T004097', 'T005792', 'T005703', 'T004423', 'T003620', 'T000487', 'T001441', 'T003393', 'T006301', 'T008779', 'T004561', 'T007503', 'T004554', 'T002275', 'T008501', 'T002586', 'T007169', 'T004264', 'T003883', 'T009935', 'T005436', 'T008354', 'T003485', 'T002474', 'T003284', 'T001660', 'T008575', 'T001741', 'T007207', 'T000799', 'T003059', 'T019178', 'T017802', 'T013798', 'T016859', 'T015483', 'T010376', 'T019542', 'T010414', 'T019921', 'T010689', 'T012104', 'T019365', 'T011217', 'T012317', 'T020029', 'T017881', 'T013281', 'T013672', 'T013875', 'T012725', 'T015639', 'T012124', 'T016518', 'T012852', 'T019689', 'T014368', 'T015022', 'T010868', 'T011886', 'T012190', 'T018582', 'T010234', 'T011592', 'T018622', 'T010811', 'T014805', 'T013302', 'T013726', 'T010123', 'T012408', 'T015171', 'T017066', 'T020082', 'T014916', 'T020258', 'T013018', 'T011821', 'T015566', 'T016555', 'T014091', 'T019119', 'T010049', 'T011072', 'T010319', 'T017759', 'T013066', 'T015443', 'T016539', 'T012592', 'T012547', 'T012508', 'T018873', 'T012114', 'T010756', 'T014262', 'T018365', 'T018870', 'T015503', 'T012184', 'T014244', 'T014464', 'T018169', 'T017665', 'T011686', 'T014391', 'T013965', 'T011474', 'T014893', 'T015405', 'T018207', 'T019976', 'T012532', 'T020577', 'T018573', 'T019574', 'T016367', 'T012085', 'T017625', 'T015846', 'T018758', 'T012878', 'T017857', 'T016687', 'T018256', 'T012428', 'T017067', 'T019535', 'T013260', 'T015025', 'T015964', 'T047753', 'T047849', 'T047943', 'T047865', 'T047978', 'T047959', 'T047820', 'T047938', 'T047979', 'T047867', 'T047802', 'T047931', 'T047953', 'T047824', 'T047995', 'T047837', 'T047916', 'T047783', 'T047925', 'T047964', 'T047768', 'T047796', 'T047904', 'T047888', 'T047997', 'T047935', 'T047807', 'T047765', 'T047732', 'T047841', 'T047745', 'T047878', 'T047747', 'T047890', 'T047948', 'T047798', 'T047956', 'T047985', 'T047729', 'T047791', 'T047769', 'T047899', 'T047789', 'T047748', 'T047848', 'T047936', 'T047742', 'T047805', 'T047981', 'T047992', 'T047813', 'T047875', 'T047983', 'T047738', 'T047882', 'T047733', 'T047982', 'T047847', 'T047756', 'T047809', 'T047986', 'T047920', 'T047760', 'T047863', 'T047739', 'T047915', 'T047965', 'T047790', 'T047855', 'T047877', 'T047838', 'T047860', 'T047926', 'T047800', 'T047741', 'T047984', 'T047927', 'T047816', 'T047842', 'T047815', 'T047895', 'T047778', 'T047929', 'T047932', 'T047761', 'T047923', 'T047866', 'T047780', 'T047989', 'T047896', 'T047900', 'T047754', 'T047977', 'T047801', 'T047917', 'T047843', 'T047961', 'T047834', 'T047907', 'T047831']",0,0,False
mexico_city_bikes,medium_large,0.6023336853884427,0.7182588715822629,100,56.7173707485199,target,16,"['64', '160', '369', '251', '389', '274', '233', '145', '378', '104', '189', '271', '314', '266', '186', '35', '59', '122', '217', '90', '475', '348', '94', '16', '152', '179', '440', '84', '164', '157', '49', '163', '22', '100', '386', '166', '278', '258', '7', '370', '268-269', '479', '125', '372', '1', '106', '88', '25', '170', '293', '469', '381', '436', '2', '111', '447', '458', '95', '309', '334', '433', '130', '58', '330', '72', '231', '400', '158-159', '336', '311', '91', '212', '176', '158', '93', '31', '299', '165', '169', '300', '376', '86', '211', '52', '431', '205', '471', '470', '207', '329', '397', '172', '162', '477', '109', '450', '430', '112', '73', '5']",0,0,False
monash_car_parts,medium,1.3664337894324778,0.834447081606295,75,59.38011598587036,target,12,"['T001083', 'T001701', 'T001795', 'T001259', 'T001610', 'T001791', 'T002458', 'T000761', 'T002120', 'T002344', 'T002592', 'T001900', 'T001195', 'T000670', 'T000937', 'T001189', 'T002154', 'T002461', 'T000498', 'T001234', 'T001463', 'T001338', 'T002505', 'T002042', 'T001053', 'T002541', 'T002468', 'T002115', 'T002203', 'T000838', 'T001467', 'T001125', 'T001533', 'T001756', 'T000270', 'T001499', 'T002575', 'T001100', 'T000460', 'T001532', 'T000841', 'T001662', 'T000457', 'T001216', 'T002206', 'T002430', 'T001831', 'T000655', 'T000387', 'T001828', 'T000486', 'T002087', 'T001010', 'T001967', 'T002465', 'T001814', 'T002313', 'T001498', 'T002555', 'T002481', 'T001242', 'T000073', 'T000719', 'T000554', 'T001087', 'T001313', 'T000605', 'T000916', 'T000748', 'T002026', 'T000408', 'T001583', 'T002107', 'T001370', 'T001260']",0,25,False
monash_covid_deaths,medium,0.02132241629404576,2.8937091206154077,86,47.384095907211304,target,12,"['T000181', 'T000119', 'T000216', 'T000045', 'T000256', 'T000146', 'T000115', 'T000097', 'T000086', 'T000073', 'T000215', 'T000220', 'T000030', 'T000009', 'T000118', 'T000120', 'T000024', 'T000213', 'T000259', 'T000200', 'T000162', 'T000116', 'T000006', 'T000222', 'T000177', 'T000141', 'T000221', 'T000067', 'T000019', 'T000126', 'T000152', 'T000068', 'T000111', 'T000060', 'T000015', 'T000193', 'T000238', 'T000201', 'T000033', 'T000137', 'T000247', 'T000016', 'T000125', 'T000258', 'T000075', 'T000025', 'T000176', 'T000197', 'T000109', 'T000018', 'T000127', 'T000147', 'T000244', 'T000154', 'T000185', 'T000066', 'T000113', 'T000079', 'T000055', 'T000224', 'T000190', 'T000038', 'T000148', 'T000090', 'T000239', 'T000084', 'T000182', 'T000114', 'T000112', 'T000173', 'T000101', 'T000234', 'T000144', 'T000096', 'T000194', 'T000092', 'T000069', 'T000002', 'T000232', 'T000158', 'T000143', 'T000165', 'T000240', 'T000074', 'T000264', 'T000029']",0,14,False
monash_electricity_weekly,large,0.05888174970621998,1.231236771577634,100,60.759408712387085,target,20,"['T000173', 'T000132', 'T000197', 'T000009', 'T000104', 'T000119', 'T000250', 'T000158', 'T000226', 'T000310', 'T000196', 'T000090', 'T000277', 'T000084', 'T000185', 'T000268', 'T000126', 'T000078', 'T000025', 'T000005', 'T000204', 'T000055', 'T000046', 'T000304', 'T000298', 'T000114', 'T000057', 'T000077', 'T000195', 'T000254', 'T000108', 'T000208', 'T000063', 'T000209', 'T000247', 'T000172', 'T000290', 'T000033', 'T000143', 'T000164', 'T000302', 'T000042', 'T000256', 'T000316', 'T000045', 'T000301', 'T000082', 'T000094', 'T000016', 'T000075', 'T000093', 'T000007', 'T000179', 'T000076', 'T000286', 'T000282', 'T000313', 'T000003', 'T000225', 'T000116', 'T000229', 'T000060', 'T000289', 'T000260', 'T000118', 'T000180', 'T000017', 'T000024', 'T000176', 'T000110', 'T000073', 'T000101', 'T000137', 'T000281', 'T000294', 'T000113', 'T000218', 'T000318', 'T000244', 'T000031', 'T000267', 'T000168', 'T000148', 'T000221', 'T000227', 'T000139', 'T000059', 'T000163', 'T000006', 'T000198', 'T000030', 'T000022', 'T000284', 'T000246', 'T000056', 'T000167', 'T000145', 'T000206', 'T000081', 'T000147']",0,0,False
monash_fred_md,medium,0.020175487377630034,2.1458473147457595,100,60.66421055793762,target,12,"['T000076', 'T000010', 'T000004', 'T000099', 'T000070', 'T000066', 'T000030', 'T000045', 'T000094', 'T000011', 'T000078', 'T000047', 'T000000', 'T000079', 'T000018', 'T000105', 'T000055', 'T000077', 'T000065', 'T000042', 'T000012', 'T000036', 'T000067', 'T000026', 'T000022', 'T000031', 'T000056', 'T000096', 'T000015', 'T000044', 'T000089', 'T000088', 'T000009', 'T000033', 'T000068', 'T000101', 'T000028', 'T000040', 'T000005', 'T000053', 'T000081', 'T000039', 'T000035', 'T000016', 'T000080', 'T000034', 'T000007', 'T000043', 'T000064', 'T000106', 'T000027', 'T000019', 'T000098', 'T000091', 'T000025', 'T000062', 'T000049', 'T000013', 'T000024', 'T000003', 'T000017', 'T000038', 'T000008', 'T000083', 'T000006', 'T000069', 'T000093', 'T000085', 'T000054', 'T000050', 'T000072', 'T000046', 'T000073', 'T000061', 'T000103', 'T000084', 'T000041', 'T000058', 'T000048', 'T000104', 'T000057', 'T000075', 'T000032', 'T000100', 'T000059', 'T000063', 'T000090', 'T000037', 'T000029', 'T000095', 'T000001', 'T000052', 'T000021', 'T000002', 'T000023', 'T000087', 'T000097', 'T000074', 'T000086', 'T000082']",0,0,False
monash_hospital,medium,0.14440556238202532,0.8408310827515852,100,60.05607867240906,target,12,"['T000668', 'T000325', 'T000624', 'T000690', 'T000522', 'T000205', 'T000098', 'T000337', 'T000568', 'T000149', 'T000498', 'T000213', 'T000200', 'T000266', 'T000614', 'T000357', 'T000501', 'T000457', 'T000707', 'T000214', 'T000620', 'T000544', 'T000087', 'T000209', 'T000282', 'T000210', 'T000384', 'T000639', 'T000329', 'T000437', 'T000121', 'T000364', 'T000425', 'T000301', 'T000068', 'T000339', 'T000579', 'T000067', 'T000582', 'T000079', 'T000452', 'T000604', 'T000031', 'T000635', 'T000034', 'T000032', 'T000040', 'T000078', 'T000300', 'T000487', 'T000629', 'T000397', 'T000502', 'T000451', 'T000621', 'T000235', 'T000362', 'T000430', 'T000692', 'T000533', 'T000754', 'T000764', 'T000519', 'T000255', 'T000480', 'T000212', 'T000211', 'T000085', 'T000240', 'T000418', 'T000055', 'T000720', 'T000512', 'T000110', 'T000587', 'T000363', 'T000734', 'T000396', 'T000421', 'T000011', 'T000193', 'T000484', 'T000175', 'T000513', 'T000182', 'T000748', 'T000156', 'T000310', 'T000066', 'T000332', 'T000138', 'T000351', 'T000082', 'T000468', 'T000405', 'T000646', 'T000251', 'T000661', 'T000221', 'T000077']",0,0,False
monash_kdd_cup_2018,large,,,0,10.391473054885864,target,20,[],0,100,False
monash_london_smart_meters,large,0.6997164534765907,2.0204962062926595,3,30.85076665878296,target,20,"['T000877', 'T001617', 'T004039']",0,97,False
monash_m1_monthly,small,0.10908154717604904,1.1946840343770289,100,47.74397897720337,target,8,"['T000049', 'T000581', 'T000082', 'T000304', 'T000109', 'T000605', 'T000268', 'T000352', 'T000327', 'T000439', 'T000281', 'T000486', 'T000234', 'T000131', 'T000002', 'T000227', 'T000575', 'T000452', 'T000184', 'T000563', 'T000470', 'T000078', 'T000247', 'T000055', 'T000220', 'T000522', 'T000248', 'T000381', 'T000529', 'T000551', 'T000039', 'T000145', 'T000565', 'T000077', 'T000118', 'T000399', 'T000148', 'T000601', 'T000132', 'T000215', 'T000561', 'T000592', 'T000086', 'T000320', 'T000335', 'T000076', 'T000235', 'T000524', 'T000277', 'T000010', 'T000208', 'T000338', 'T000336', 'T000360', 'T000615', 'T000030', 'T000572', 'T000204', 'T000310', 'T000501', 'T000140', 'T000472', 'T000576', 'T000056', 'T000612', 'T000580', 'T000228', 'T000209', 'T000024', 'T000477', 'T000367', 'T000344', 'T000362', 'T000467', 'T000070', 'T000375', 'T000176', 'T000613', 'T000060', 'T000412', 'T000101', 'T000203', 'T000587', 'T000090', 'T000538', 'T000469', 'T000365', 'T000029', 'T000110', 'T000396', 'T000212', 'T000543', 'T000321', 'T000289', 'T000390', 'T000329', 'T000451', 'T000155', 'T000081', 'T000250']",0,0,False
monash_m1_quarterly,small,0.1259978784307757,2.9095357110611793,100,47.90182685852051,target,8,"['T000015', 'T000009', 'T000115', 'T000078', 'T000066', 'T000045', 'T000143', 'T000177', 'T000200', 'T000180', 'T000069', 'T000162', 'T000166', 'T000187', 'T000056', 'T000190', 'T000018', 'T000079', 'T000055', 'T000145', 'T000176', 'T000097', 'T000095', 'T000030', 'T000126', 'T000016', 'T000173', 'T000086', 'T000163', 'T000124', 'T000065', 'T000068', 'T000127', 'T000067', 'T000076', 'T000100', 'T000139', 'T000137', 'T000165', 'T000084', 'T000082', 'T000198', 'T000093', 'T000038', 'T000024', 'T000096', 'T000111', 'T000029', 'T000019', 'T000060', 'T000154', 'T000167', 'T000090', 'T000005', 'T000128', 'T000118', 'T000192', 'T000142', 'T000189', 'T000175', 'T000073', 'T000172', 'T000098', 'T000031', 'T000012', 'T000035', 'T000120', 'T000042', 'T000075', 'T000150', 'T000138', 'T000051', 'T000122', 'T000164', 'T000041', 'T000119', 'T000114', 'T000026', 'T000135', 'T000101', 'T000112', 'T000002', 'T000077', 'T000046', 'T000117', 'T000144', 'T000085', 'T000136', 'T000036', 'T000109', 'T000061', 'T000022', 'T000141', 'T000194', 'T000033', 'T000011', 'T000197', 'T000161', 'T000006', 'T000027']",0,0,False
monash_m1_yearly,very_small,0.29906186068447305,6.034472895997821,100,45.557732343673706,target,4,"['T000019', 'T000042', 'T000153', 'T000078', 'T000145', 'T000015', 'T000024', 'T000068', 'T000113', 'T000118', 'T000093', 'T000159', 'T000069', 'T000142', 'T000045', 'T000016', 'T000051', 'T000125', 'T000096', 'T000056', 'T000097', 'T000120', 'T000143', 'T000030', 'T000009', 'T000172', 'T000060', 'T000018', 'T000148', 'T000173', 'T000109', 'T000055', 'T000140', 'T000126', 'T000066', 'T000029', 'T000117', 'T000065', 'T000067', 'T000031', 'T000012', 'T000041', 'T000124', 'T000100', 'T000161', 'T000132', 'T000090', 'T000038', 'T000169', 'T000115', 'T000171', 'T000156', 'T000002', 'T000176', 'T000046', 'T000085', 'T000152', 'T000082', 'T000147', 'T000026', 'T000155', 'T000098', 'T000111', 'T000076', 'T000036', 'T000164', 'T000022', 'T000104', 'T000075', 'T000146', 'T000011', 'T000006', 'T000027', 'T000112', 'T000004', 'T000032', 'T000101', 'T000128', 'T000095', 'T000010', 'T000114', 'T000133', 'T000000', 'T000136', 'T000070', 'T000064', 'T000044', 'T000123', 'T000028', 'T000040', 'T000138', 'T000139', 'T000025', 'T000023', 'T000144', 'T000081', 'T000079', 'T000084', 'T000039', 'T000108']",0,0,False
monash_m3_monthly,small,0.05877228728831359,1.0780569175885213,100,48.17005467414856,target,8,"['T000123', 'T001189', 'T000462', 'T000351', 'T001009', 'T000665', 'T000756', 'T000527', 'T000070', 'T000554', 'T000332', 'T000994', 'T001182', 'T001066', 'T000310', 'T001306', 'T000218', 'T000078', 'T000270', 'T000051', 'T000067', 'T000370', 'T001164', 'T000629', 'T000076', 'T000344', 'T000184', 'T000798', 'T001213', 'T000862', 'T000163', 'T001097', 'T001251', 'T000736', 'T000963', 'T001214', 'T000044', 'T000198', 'T001317', 'T001138', 'T001013', 'T000852', 'T001222', 'T001092', 'T001379', 'T000339', 'T000029', 'T000901', 'T001080', 'T000382', 'T000651', 'T000049', 'T000741', 'T000613', 'T000745', 'T000814', 'T000415', 'T001276', 'T000874', 'T000812', 'T001114', 'T000806', 'T000885', 'T000824', 'T000247', 'T001063', 'T001128', 'T001320', 'T001161', 'T000813', 'T001133', 'T001047', 'T000192', 'T001205', 'T000898', 'T000843', 'T000101', 'T000764', 'T000566', 'T001383', 'T001023', 'T001169', 'T000289', 'T000599', 'T001240', 'T000354', 'T001036', 'T000231', 'T000297', 'T000839', 'T000826', 'T000993', 'T001029', 'T001149', 'T001113', 'T000497', 'T000590', 'T000043', 'T000594', 'T000358']",0,0,False
monash_m3_quarterly,small,0.0755995375988017,1.9883944702726353,100,46.775896072387695,target,8,"['T000408', 'T000097', 'T000424', 'T000584', 'T000603', 'T000078', 'T000054', 'T000109', 'T000323', 'T000499', 'T000039', 'T000357', 'T000355', 'T000544', 'T000478', 'T000333', 'T000266', 'T000450', 'T000457', 'T000534', 'T000706', 'T000679', 'T000299', 'T000464', 'T000481', 'T000432', 'T000443', 'T000324', 'T000715', 'T000174', 'T000286', 'T000218', 'T000155', 'T000120', 'T000306', 'T000314', 'T000428', 'T000746', 'T000680', 'T000723', 'T000506', 'T000571', 'T000066', 'T000247', 'T000742', 'T000433', 'T000722', 'T000199', 'T000227', 'T000752', 'T000033', 'T000346', 'T000077', 'T000656', 'T000181', 'T000477', 'T000210', 'T000486', 'T000292', 'T000010', 'T000259', 'T000081', 'T000031', 'T000582', 'T000429', 'T000576', 'T000165', 'T000620', 'T000275', 'T000673', 'T000065', 'T000712', 'T000543', 'T000196', 'T000445', 'T000264', 'T000626', 'T000265', 'T000164', 'T000076', 'T000465', 'T000072', 'T000220', 'T000597', 'T000367', 'T000063', 'T000659', 'T000550', 'T000049', 'T000360', 'T000192', 'T000101', 'T000588', 'T000613', 'T000468', 'T000007', 'T000369', 'T000023', 'T000404', 'T000751']",0,0,False
monash_m3_yearly,very_small,0.2371238877611429,4.40785288880978,100,45.8019483089447,target,4,"['T000632', 'T000592', 'T000599', 'T000291', 'T000072', 'T000643', 'T000597', 'T000396', 'T000511', 'T000174', 'T000362', 'T000177', 'T000181', 'T000081', 'T000118', 'T000319', 'T000360', 'T000155', 'T000069', 'T000010', 'T000443', 'T000063', 'T000375', 'T000054', 'T000529', 'T000628', 'T000553', 'T000404', 'T000440', 'T000031', 'T000204', 'T000055', 'T000304', 'T000265', 'T000545', 'T000208', 'T000109', 'T000367', 'T000209', 'T000446', 'T000493', 'T000286', 'T000110', 'T000076', 'T000236', 'T000002', 'T000619', 'T000574', 'T000290', 'T000530', 'T000640', 'T000090', 'T000163', 'T000300', 'T000030', 'T000426', 'T000176', 'T000363', 'T000044', 'T000101', 'T000078', 'T000248', 'T000284', 'T000221', 'T000167', 'T000569', 'T000369', 'T000338', 'T000211', 'T000275', 'T000065', 'T000557', 'T000049', 'T000641', 'T000336', 'T000039', 'T000442', 'T000158', 'T000006', 'T000256', 'T000250', 'T000165', 'T000227', 'T000620', 'T000398', 'T000145', 'T000086', 'T000585', 'T000612', 'T000598', 'T000108', 'T000417', 'T000041', 'T000296', 'T000575', 'T000056', 'T000257', 'T000133', 'T000408', 'T000444']",0,0,False
monash_nn5_weekly,large,0.1019128455161378,0.8534855063563566,100,59.87962031364441,target,20,"['NN5-079', 'NN5-011', 'NN5-005', 'NN5-085', 'NN5-065', 'NN5-069', 'NN5-031', 'NN5-046', 'NN5-097', 'NN5-012', 'NN5-080', 'NN5-081', 'NN5-001', 'NN5-082', 'NN5-019', 'NN5-071', 'NN5-057', 'NN5-073', 'NN5-110', 'NN5-043', 'NN5-013', 'NN5-037', 'NN5-066', 'NN5-027', 'NN5-023', 'NN5-032', 'NN5-048', 'NN5-077', 'NN5-016', 'NN5-045', 'NN5-090', 'NN5-091', 'NN5-010', 'NN5-034', 'NN5-056', 'NN5-070', 'NN5-029', 'NN5-041', 'NN5-006', 'NN5-054', 'NN5-063', 'NN5-040', 'NN5-036', 'NN5-017', 'NN5-105', 'NN5-035', 'NN5-068', 'NN5-008', 'NN5-044', 'NN5-067', 'NN5-074', 'NN5-028', 'NN5-020', 'NN5-089', 'NN5-094', 'NN5-026', 'NN5-009', 'NN5-102', 'NN5-050', 'NN5-014', 'NN5-078', 'NN5-025', 'NN5-004', 'NN5-018', 'NN5-039', 'NN5-086', 'NN5-007', 'NN5-106', 'NN5-096', 'NN5-092', 'NN5-055', 'NN5-051', 'NN5-099', 'NN5-047', 'NN5-084', 'NN5-062', 'NN5-108', 'NN5-101', 'NN5-042', 'NN5-059', 'NN5-049', 'NN5-095', 'NN5-058', 'NN5-076', 'NN5-033', 'NN5-104', 'NN5-060', 'NN5-064', 'NN5-109', 'NN5-038', 'NN5-030', 'NN5-098', 'NN5-002', 'NN5-053', 'NN5-022', 'NN5-003', 'NN5-024', 'NN5-088', 'NN5-100', 'NN5-075']",0,0,False
monash_pedestrian_counts,medium,0.16230043925777957,0.16039182475655248,66,42.996495723724365,target,12,"['T000054', 'T000062', 'T000000', 'T000045', 'T000005', 'T000063', 'T000016', 'T000012', 'T000065', 'T000030', 'T000033', 'T000009', 'T000041', 'T000013', 'T000034', 'T000025', 'T000003', 'T000017', 'T000040', 'T000008', 'T000006', 'T000028', 'T000004', 'T000048', 'T000036', 'T000019', 'T000056', 'T000059', 'T000058', 'T000050', 'T000031', 'T000044', 'T000064', 'T000015', 'T000027', 'T000026', 'T000024', 'T000047', 'T000011', 'T000032', 'T000061', 'T000046', 'T000037', 'T000029', 'T000043', 'T000049', 'T000001', 'T000021', 'T000002', 'T000053', 'T000039', 'T000035', 'T000052', 'T000023', 'T000055', 'T000010', 'T000022', 'T000018', 'T000057', 'T000038', 'T000020', 'T000060', 'T000007', 'T000042', 'T000014', 'T000051']",0,0,False
monash_rideshare,large,,,0,8.199844598770142,price_min,20,[],0,100,False
monash_saugeenday,small,0.9349743980067715,11.481150085640566,1,6.318754434585571,T1,8,['T000000'],0,0,False
monash_temperature_rain,small,0.07615905701258088,0.9323472194404613,72,68.50396513938904,t_mean,8,"['86038', '40861', '91293', '9968', '20062', '31210', '33002', '14404', '18217', '18195', '23878', '91292', '85072', '98017', '11003', '65111', '47048', '61078', '46012', '62101', '88109', '60141', '16090', '16096', '77094', '70217', '21133', '29038', '51161', '46128', '9053', '41359', '58077', '40211', '68241', '2056', '9193', '76031', '12071', '21131', '1006', '13011', '7045', '2064', '22049', '90175', '26021', '14198', '40764', '4083', '97080', '3003', '86338', '77010', '14015', '97072', '97083', '16097', '9789', '18116', '31209', '22823', '91311', '37034', '65103', '50137', '53115', '10905', '14948', '7185', '96033', '92123']",0,28,True
monash_tourism_monthly,small,0.14382854038507792,0.8344882101006484,100,48.01085186004639,target,8,"['T000193', 'T000033', 'T000015', 'T000310', 'T000057', 'T000183', 'T000076', 'T000119', 'T000152', 'T000126', 'T000339', 'T000039', 'T000305', 'T000055', 'T000137', 'T000301', 'T000000', 'T000275', 'T000355', 'T000101', 'T000009', 'T000165', 'T000072', 'T000253', 'T000248', 'T000195', 'T000220', 'T000292', 'T000350', 'T000362', 'T000025', 'T000108', 'T000042', 'T000353', 'T000196', 'T000114', 'T000063', 'T000022', 'T000347', 'T000332', 'T000242', 'T000346', 'T000030', 'T000298', 'T000109', 'T000234', 'T000090', 'T000056', 'T000005', 'T000045', 'T000233', 'T000344', 'T000283', 'T000262', 'T000176', 'T000338', 'T000093', 'T000003', 'T000360', 'T000077', 'T000237', 'T000364', 'T000078', 'T000046', 'T000265', 'T000073', 'T000224', 'T000124', 'T000203', 'T000082', 'T000094', 'T000192', 'T000307', 'T000211', 'T000341', 'T000202', 'T000075', 'T000084', 'T000354', 'T000016', 'T000066', 'T000271', 'T000007', 'T000113', 'T000116', 'T000324', 'T000328', 'T000255', 'T000302', 'T000110', 'T000322', 'T000060', 'T000155', 'T000261', 'T000132', 'T000222', 'T000140', 'T000017', 'T000148', 'T000024']",0,0,False
monash_tourism_quarterly,small,0.16463983619492145,0.9572809045194011,100,48.00596284866333,target,8,"['T000419', 'T000075', 'T000177', 'T000030', 'T000358', 'T000271', 'T000155', 'T000152', 'T000165', 'T000175', 'T000409', 'T000070', 'T000196', 'T000416', 'T000039', 'T000141', 'T000350', 'T000072', 'T000009', 'T000402', 'T000297', 'T000220', 'T000373', 'T000055', 'T000140', 'T000194', 'T000145', 'T000386', 'T000277', 'T000367', 'T000126', 'T000250', 'T000331', 'T000093', 'T000422', 'T000077', 'T000208', 'T000351', 'T000318', 'T000423', 'T000225', 'T000148', 'T000078', 'T000073', 'T000033', 'T000116', 'T000396', 'T000076', 'T000238', 'T000374', 'T000015', 'T000266', 'T000198', 'T000000', 'T000019', 'T000377', 'T000281', 'T000056', 'T000172', 'T000082', 'T000192', 'T000280', 'T000079', 'T000090', 'T000362', 'T000025', 'T000389', 'T000181', 'T000176', 'T000042', 'T000184', 'T000415', 'T000104', 'T000378', 'T000418', 'T000275', 'T000022', 'T000046', 'T000283', 'T000113', 'T000094', 'T000376', 'T000057', 'T000124', 'T000024', 'T000017', 'T000066', 'T000132', 'T000223', 'T000031', 'T000084', 'T000356', 'T000168', 'T000218', 'T000413', 'T000298', 'T000336', 'T000322', 'T000005', 'T000045']",0,0,False
monash_tourism_yearly,very_small,0.39863841078754964,5.462877111755657,95,44.66377091407776,target,4,"['T000176', 'T000132', 'T000006', 'T000456', 'T000311', 'T000333', 'T000072', 'T000184', 'T000154', 'T000229', 'T000304', 'T000093', 'T000101', 'T000010', 'T000448', 'T000030', 'T000185', 'T000137', 'T000195', 'T000158', 'T000375', 'T000231', 'T000298', 'T000077', 'T000384', 'T000489', 'T000408', 'T000484', 'T000398', 'T000329', 'T000009', 'T000073', 'T000487', 'T000192', 'T000247', 'T000355', 'T000507', 'T000479', 'T000140', 'T000225', 'T000414', 'T000505', 'T000227', 'T000495', 'T000510', 'T000486', 'T000063', 'T000440', 'T000424', 'T000287', 'T000244', 'T000513', 'T000002', 'T000465', 'T000395', 'T000104', 'T000090', 'T000274', 'T000173', 'T000348', 'T000068', 'T000172', 'T000033', 'T000070', 'T000076', 'T000000', 'T000011', 'T000453', 'T000022', 'T000431', 'T000368', 'T000511', 'T000296', 'T000514', 'T000245', 'T000018', 'T000177', 'T000131', 'T000277', 'T000503', 'T000039', 'T000467', 'T000046', 'T000388', 'T000204', 'T000364', 'T000402', 'T000325', 'T000124', 'T000483', 'T000499', 'T000117', 'T000069', 'T000356', 'T000302']",0,0,False
monash_traffic,medium,0.07811439417422336,0.3534402434031079,99,56.42018389701843,target,12,"['T000715', 'T000605', 'T000120', 'T000208', 'T000380', 'T000817', 'T000575', 'T000266', 'T000557', 'T000580', 'T000327', 'T000623', 'T000365', 'T000765', 'T000198', 'T000456', 'T000465', 'T000311', 'T000331', 'T000393', 'T000634', 'T000789', 'T000744', 'T000852', 'T000137', 'T000810', 'T000440', 'T000860', 'T000432', 'T000296', 'T000521', 'T000675', 'T000292', 'T000136', 'T000528', 'T000658', 'T000096', 'T000290', 'T000693', 'T000039', 'T000067', 'T000838', 'T000328', 'T000265', 'T000030', 'T000360', 'T000848', 'T000665', 'T000761', 'T000640', 'T000306', 'T000350', 'T000499', 'T000601', 'T000442', 'T000569', 'T000174', 'T000244', 'T000023', 'T000260', 'T000643', 'T000394', 'T000066', 'T000168', 'T000788', 'T000512', 'T000617', 'T000673', 'T000858', 'T000670', 'T000110', 'T000086', 'T000294', 'T000139', 'T000706', 'T000473', 'T000495', 'T000649', 'T000063', 'T000827', 'T000212', 'T000818', 'T000065', 'T000753', 'T000777', 'T000078', 'T000227', 'T000211', 'T000231', 'T000286', 'T000554', 'T000338', 'T000710', 'T000677', 'T000049', 'T000522', 'T000633', 'T000568', 'T000657']",0,1,False
nn5,very_small,,,0,8.76764988899231,target,4,[],0,100,False
solar,medium_large,,,0,140.0978124141693,power_mw,16,[],0,100,False
solar_1h,medium_large,0.38013048134795685,0.29677650553046814,100,67.00253129005432,power_mw,16,"['T001726', 'T001666', 'T004213', 'T001181', 'T003129', 'T004830', 'T000290', 'T001220', 'T003048', 'T004541', 'T003184', 'T004978', 'T003296', 'T004528', 'T004557', 'T004889', 'T001174', 'T003541', 'T004356', 'T001891', 'T003705', 'T001874', 'T000838', 'T003097', 'T003828', 'T001029', 'T004837', 'T003774', 'T002757', 'T002543', 'T002174', 'T004095', 'T000491', 'T005012', 'T000279', 'T005107', 'T001338', 'T000239', 'T001055', 'T003501', 'T000373', 'T004182', 'T003256', 'T003442', 'T003372', 'T001818', 'T003955', 'T004924', 'T002304', 'T004577', 'T000931', 'T002329', 'T001427', 'T004579', 'T000296', 'T002197', 'T005133', 'T000468', 'T005135', 'T003089', 'T003916', 'T002104', 'T003819', 'T001057', 'T002124', 'T003571', 'T000833', 'T002095', 'T004870', 'T004522', 'T000065', 'T004747', 'T003245', 'T000655', 'T004789', 'T002778', 'T003346', 'T005142', 'T004368', 'T003393', 'T001144', 'T001361', 'T001971', 'T003410', 'T000787', 'T001894', 'T003804', 'T000240', 'T003889', 'T004705', 'T002954', 'T003915', 'T003904', 'T003857', 'T001614', 'T004003', 'T003881', 'T001432', 'T000023', 'T004667']",0,0,False
taxi_1h,medium_large,0.22126828560720063,0.7162373880825942,100,54.58939576148987,target,16,"['T000952', 'T001189', 'T000582', 'T000480', 'T001607', 'T001951', 'T000610', 'T001550', 'T000670', 'T000111', 'T001029', 'T002010', 'T001070', 'T001194', 'T000239', 'T002195', 'T000056', 'T002331', 'T000707', 'T001675', 'T001622', 'T002242', 'T001797', 'T001765', 'T001514', 'T001558', 'T001882', 'T001567', 'T000479', 'T000654', 'T000630', 'T002082', 'T001341', 'T000134', 'T001943', 'T000678', 'T001702', 'T001446', 'T000188', 'T000093', 'T001041', 'T000927', 'T000759', 'T000555', 'T001490', 'T001569', 'T001867', 'T002318', 'T000443', 'T000196', 'T001068', 'T000978', 'T001900', 'T000765', 'T001535', 'T000973', 'T000857', 'T001886', 'T001269', 'T001355', 'T001583', 'T002103', 'T001125', 'T000246', 'T002392', 'T001754', 'T000282', 'T001602', 'T001547', 'T002138', 'T000211', 'T001054', 'T000618', 'T000598', 'T001967', 'T001310', 'T000974', 'T000173', 'T002134', 'T001133', 'T002113', 'T001601', 'T001242', 'T000414', 'T001036', 'T001225', 'T001387', 'T000208', 'T002141', 'T001268', 'T001750', 'T000790', 'T002076', 'T000044', 'T001477', 'T001100', 'T000836', 'T001185', 'T001719', 'T000350']",0,0,False
taxi_30min,medium_large,0.29236296736469675,0.9642478117995732,100,72.24936604499817,target,16,"['T000952', 'T001189', 'T000582', 'T000480', 'T001607', 'T001951', 'T000610', 'T001550', 'T000670', 'T000111', 'T001029', 'T002010', 'T001070', 'T001194', 'T000239', 'T002195', 'T000056', 'T002331', 'T000707', 'T001675', 'T001622', 'T002242', 'T001797', 'T001765', 'T001514', 'T001558', 'T001882', 'T001567', 'T000479', 'T000654', 'T000630', 'T002082', 'T001341', 'T000134', 'T001943', 'T000678', 'T001702', 'T001446', 'T000188', 'T000093', 'T001041', 'T000927', 'T000759', 'T000555', 'T001490', 'T001569', 'T001867', 'T002318', 'T000443', 'T000196', 'T001068', 'T000978', 'T001900', 'T000765', 'T001535', 'T000973', 'T000857', 'T001886', 'T001269', 'T001355', 'T001583', 'T002103', 'T001125', 'T000246', 'T002392', 'T001754', 'T000282', 'T001602', 'T001547', 'T002138', 'T000211', 'T001054', 'T000618', 'T000598', 'T001967', 'T001310', 'T000974', 'T000173', 'T002134', 'T001133', 'T002113', 'T001601', 'T001242', 'T000414', 'T001036', 'T001225', 'T001387', 'T000208', 'T002141', 'T001268', 'T001750', 'T000790', 'T002076', 'T000044', 'T001477', 'T001100', 'T000836', 'T001185', 'T001719', 'T000350']",0,0,False
uber_tlc_daily,medium_large,0.1413036405737028,0.7522374031697463,99,61.222538232803345,target,16,"['location_252', 'location_219', 'location_197', 'location_171', 'location_067', 'location_140', 'location_178', 'location_010', 'location_117', 'location_025', 'location_229', 'location_047', 'location_210', 'location_195', 'location_257', 'location_080', 'location_007', 'location_213', 'location_068', 'location_143', 'location_149', 'location_020', 'location_217', 'location_114', 'location_153', 'location_079', 'location_069', 'location_091', 'location_016', 'location_031', 'location_196', 'location_234', 'location_112', 'location_034', 'location_188', 'location_074', 'location_242', 'location_212', 'location_011', 'location_253', 'location_046', 'location_120', 'location_076', 'location_026', 'location_162', 'location_236', 'location_019', 'location_087', 'location_144', 'location_250', 'location_173', 'location_116', 'location_182', 'location_118', 'location_097', 'location_237', 'location_061', 'location_017', 'location_056', 'location_151', 'location_200', 'location_232', 'location_083', 'location_187', 'location_039', 'location_145', 'location_107', 'location_235', 'location_078', 'location_121', 'location_184', 'location_139', 'location_170', 'location_093', 'location_128', 'location_155', 'location_085', 'location_243', 'location_122', 'location_146', 'location_070', 'location_003', 'location_127', 'location_262', 'location_202', 'location_135', 'location_130', 'location_256', 'location_098', 'location_030', 'location_201', 'location_180', 'location_240', 'location_102', 'location_006', 'location_057', 'location_142', 'location_179', 'location_129']",0,1,False
uber_tlc_hourly,medium_large,0.36447454520823513,0.8440925838821547,96,70.59100580215454,target,16,"['location_252', 'location_219', 'location_197', 'location_171', 'location_067', 'location_140', 'location_178', 'location_010', 'location_117', 'location_025', 'location_229', 'location_047', 'location_210', 'location_195', 'location_257', 'location_080', 'location_007', 'location_213', 'location_068', 'location_143', 'location_149', 'location_020', 'location_217', 'location_114', 'location_153', 'location_079', 'location_069', 'location_091', 'location_016', 'location_031', 'location_196', 'location_234', 'location_112', 'location_034', 'location_188', 'location_074', 'location_242', 'location_212', 'location_011', 'location_253', 'location_046', 'location_120', 'location_076', 'location_026', 'location_162', 'location_236', 'location_019', 'location_087', 'location_144', 'location_250', 'location_173', 'location_116', 'location_182', 'location_118', 'location_097', 'location_237', 'location_061', 'location_017', 'location_056', 'location_151', 'location_200', 'location_232', 'location_083', 'location_039', 'location_145', 'location_107', 'location_235', 'location_078', 'location_121', 'location_184', 'location_139', 'location_170', 'location_093', 'location_128', 'location_155', 'location_085', 'location_243', 'location_122', 'location_146', 'location_070', 'location_003', 'location_127', 'location_262', 'location_202', 'location_135', 'location_130', 'location_256', 'location_098', 'location_180', 'location_240', 'location_102', 'location_006', 'location_057', 'location_142', 'location_179', 'location_129']",0,4,False
ushcn_daily,medium_large,1.3763168299980928,1.2219820285892622,1,2267.7206814289093,PRCP,16,['T000937'],0,99,True
wind_farms_daily,medium_large,1.0271273467985278,0.7033092252431087,2,8.09176254272461,target,16,"['T000326', 'T000332']",0,98,False
wind_farms_hourly,medium_large,0.5800470889102808,2.301617060841007,1,11.295580625534058,target,16,['T000326'],0,99,False
